alpha,rho,ap50
3,0.75,0.007637578916457012
3,0.5,0.04227860600310876
3,0.25,0.3111441824698616
3,0.1,0.5449401705338566
3,0.01,0.6012534886558916
3,0.001,0.44248306098148704
3,0.0001,0.32794618137043086
3,1e-05,0.31226246203033114
