alpha,rho,ap50
1,0.1,0.012582833717283609
2,0.1,0.14162229628581208
3,0.1,0.6244460223815363
4,0.1,0.4226960015824517
5,0.1,0.2061586818075897
6,0.1,0.10665478564313487
7,0.1,0.05426787033904869
8,0.1,0.027520754109634064
9,0.1,0.018899460404986024
10,0.1,0.009218564024676495
