alpha,rho,ap50
1,0.1,0.0099009900990099
2,0.1,0.0708296656285992
3,0.1,0.5449401705338566
4,0.1,0.39611203497572023
5,0.1,0.19394928368033318
6,0.1,0.09324970609588143
7,0.1,0.04518374119464374
8,0.1,0.022880088128860904
9,0.1,0.016092544585688852
10,0.1,0.005179350051793499
