alpha,rho,ap50
1,0.1,0.013709354139193079
2,0.1,0.16085752993404645
3,0.1,0.606324556628607
4,0.1,0.37498841733436344
5,0.1,0.1869748398981636
6,0.1,0.08883143608380412
7,0.1,0.04543076602191967
8,0.1,0.022676762701078285
9,0.1,0.016174837355625922
10,0.1,0.006583602546421953
